{
	"version": 1,
	"changelists": [
		{
			"guid": "00000000000000000000000000000000",
			"description": "Default Uncontrolled Changelist",
			"files": [
				"/Users/abheerjasuja/Desktop/InfiniteMatrixStarter/Content/InfiniteMatrix/Blueprints/BP_TunnelSpawner.uasset",
				"/Users/abheerjasuja/Desktop/InfiniteMatrixStarter/Content/InfiniteMatrix/Maps/TutorialMap.umap",
				"/Users/abheerjasuja/Desktop/InfiniteMatrixStarter/Content/InfiniteMatrix/Blueprints/BP_Tunnel.uasset",
				"/Users/abheerjasuja/Desktop/InfiniteMatrixStarter/Content/InfiniteMatrix/Blueprints/BP_Player.uasset",
				"/Users/abheerjasuja/Desktop/InfiniteMatrixStarter/Content/InfiniteMatrix/UI/WBP_Restart.uasset"
			]
		}
	]
}